0,2024-12-03 13:33:20.794156,Test error message
1,2024-12-03 13:35:22,Test error message
2,2024-12-03 13:35:27,Test error message
3,2024-12-03 13:35:33,Test error message
4,2024-12-03 13:43:47,User input is out of range
5,2024-12-03 13:43:53,User input is not an integer
6,2024-12-03 13:44:50,User input is out of range
7,2024-12-03 13:46:23,User input is not an integer
8,2024-12-03 13:47:03,User input is out of range
9,2024-12-03 13:47:26,User input is out of range
10,2024-12-03 13:47:36,User input is out of range
11,2024-12-03 13:47:39,User input is not an integer
